{"cameraMode":{"drawMode":0,"name":"Shaded","section":"Shading Mode"},"sceneLighting":true,"audioPlay":false,"sceneViewState":{"m_AlwaysRefresh":false,"showFog":true,"showSkybox":true,"showFlares":true,"showImageEffects":true,"showParticleSystems":true,"showVisualEffectGraphs":true,"m_FxEnabled":true},"in2DMode":false,"pivot":{"x":-1.9629758596420289,"y":1.985653042793274,"z":-2.8463900089263918},"rotation":{"x":0.21987026929855348,"y":-0.7213985323905945,"z":0.26311948895454409,"w":0.6025829315185547},"size":2.7517340183258058,"orthographic":false}